{
"lengthUnit": "mil",
"components": {
	"fields": ["COMPONENT_NO", "COMPONENT_NAME", "LAYER", "X_COORDINATE", "Y_COORDINATE", "ANGLE"],
	"rows": [
		[1, "CBOOT1", "T", 1199.98, 744.98, 0],
		[2, "CBYP1", "T", 969.98, 774.98, 0],
		[3, "CCOMP2", "T", 779.98, 449.98, 90],
		[4, "CCOMP3", "T", 744.98, 339.98, 180],
		[5, "CIN1", "T", 269.98, 519.98, 270],
		[6, "CIN_2", "T", 404.98, 519.98, 270],
		[7, "CIN_3", "T", 539.98, 519.98, 270],
		[8, "COUT1", "T", 1749.98, 489.98, 90],
		[9, "CRAMP1", "T", 954.98, 384.98, 0],
		[10, "CSS1", "T", 1194.98, 379.98, 0],
		[11, "D1", "T", 1420, 610, 270],
		[12, "GND", "T", 79.98, 437.89, 0],
		[13, "J1", "T", 2089.98, 759.98, 90],
		[14, "J2", "T", 2089.98, 319.98, 90],
		[15, "L1", "T", 1585, 1040, 180],
		[16, "RCOMP1", "T", 704.98, 449.98, 90],
		[17, "RFB1", "T", 809.98, 184.98, 0],
		[18, "RFB2", "T", 869.98, 79.98, 180],
		[19, "RT1", "T", 914.98, 299.98, 0],
		[20, "U2", "T", 1044.4, 568.48, 270],
		[21, "VIN", "T", 79.98, 608.7, 0]
	]
},
"pins": {
	"fields": ["PIN_NO", "PIN_NAME", "PIN_X", "PIN_Y", "LAYER", "PIN_TYPE", "NET_NAME", "NET_TYPE", "PAD_SHAPE", "PAD_SIZEX", "PAD_SIZEY", "HOLE_SIZE", "PAD_ANGLE"],
	"rows": [
		[1, "CBOOT1_1", 1160.61, 744.98, "T", "SMD", "$CBOOT1_1", "", "R", 55.51, 53.15, 0, 0],
		[2, "CBOOT1_2", 1239.35, 744.98, "T", "SMD", "$CBOOT1_2", "", "R", 55.51, 53.15, 0, 0],
		[3, "CBYP1_1", 930.61, 774.98, "T", "SMD", "$CBYP1_1", "", "R", 55.51, 53.15, 0, 0],
		[4, "CBYP1_2", 1009.35, 774.98, "T", "SMD", "GND", "GND", "R", 55.51, 53.15, 0, 0],
		[5, "CCOMP2_1", 779.98, 410.61, "T", "SMD", "$CCOMP2_1", "", "R", 55.51, 53.15, 0, 90],
		[6, "CCOMP2_2", 779.98, 489.35, "T", "SMD", "$CCOMP2_2", "", "R", 55.51, 53.15, 0, 90],
		[7, "CCOMP3_1", 766.44, 339.98, "T", "SMD", "$CCOMP2_1", "", "R", 31.11, 21.26, 0, 180],
		[8, "CCOMP3_2", 723.52, 339.98, "T", "SMD", "$CCOMP3_2", "", "R", 31.11, 21.26, 0, 180],
		[9, "CIN1_1", 269.98, 579.72, "T", "SMD", "VCC", "", "R", 64.37, 106.3, 0, 270],
		[10, "CIN1_2", 269.98, 460.24, "T", "SMD", "GND", "GND", "R", 64.37, 106.3, 0, 270],
		[11, "CIN_2_1", 404.98, 579.72, "T", "SMD", "VCC", "", "R", 64.37, 106.3, 0, 270],
		[12, "CIN_2_2", 404.98, 460.24, "T", "SMD", "GND", "GND", "R", 64.37, 106.3, 0, 270],
		[13, "CIN_3_1", 539.98, 579.72, "T", "SMD", "VCC", "", "R", 64.37, 106.3, 0, 270],
		[14, "CIN_3_2", 539.98, 460.24, "T", "SMD", "GND", "GND", "R", 64.37, 106.3, 0, 270],
		[15, "COUT1_1", 1749.98, 590.57, "T", "SMD", "+5V", "", "R", 128.35, 45.28, 0, 270],
		[16, "COUT1_2", 1749.98, 389.39, "T", "SMD", "GND", "GND", "R", 128.35, 45.28, 0, 270],
		[17, "CRAMP1_1", 915.61, 384.98, "T", "SMD", "$CRAMP1_1", "", "R", 55.51, 53.15, 0, 0],
		[18, "CRAMP1_2", 994.35, 384.98, "T", "SMD", "GND", "GND", "R", 55.51, 53.15, 0, 0],
		[19, "CSS1_1", 1155.61, 379.98, "T", "SMD", "GND", "GND", "R", 55.51, 53.15, 0, 0],
		[20, "CSS1_2", 1234.35, 379.98, "T", "SMD", "$CSS1_2", "", "R", 55.51, 53.15, 0, 0],
		[21, "D1_1", 1420, 745.23, "T", "SMD", "$CBOOT1_2", "", "R", 119.29, 150.39, 0, 90],
		[22, "D1_2", 1420, 474.76, "T", "SMD", "$D1_2", "", "R", 119.29, 150.39, 0, 90],
		[23, "GND_1", 79.98, 437.89, "T", "SMD", "GND", "GND", "R", 78.74, 78.74, 0, 0],
		[24, "J1_1", 2027.01, 686.14, "T", "SMD", "+5V", "", "R", 23.62, 66.93, 0, 90],
		[25, "J1_2", 2027.01, 735.35, "T", "SMD", "+5V", "", "R", 23.62, 66.93, 0, 90],
		[26, "J1_3", 2027.01, 784.57, "T", "SMD", "GND", "GND", "R", 23.62, 66.93, 0, 90],
		[27, "J1_4", 2027.01, 833.78, "T", "SMD", "GND", "GND", "R", 23.62, 66.93, 0, 90],
		[28, "J1_5", 2152.96, 906.62, "T", "SMD", "J1_5", "", "R", 39.37, 106.3, 0, 90],
		[29, "J1_6", 2152.96, 613.34, "T", "SMD", "J1_6", "", "R", 39.37, 106.3, 0, 90],
		[30, "J2_1", 2027.01, 246.14, "T", "SMD", "+5V", "", "R", 23.62, 66.93, 0, 90],
		[31, "J2_2", 2027.01, 295.35, "T", "SMD", "+5V", "", "R", 23.62, 66.93, 0, 90],
		[32, "J2_3", 2027.01, 344.57, "T", "SMD", "GND", "GND", "R", 23.62, 66.93, 0, 90],
		[33, "J2_4", 2027.01, 393.78, "T", "SMD", "GND", "GND", "R", 23.62, 66.93, 0, 90],
		[34, "J2_5", 2152.96, 466.62, "T", "SMD", "J2_5", "", "R", 39.37, 106.3, 0, 90],
		[35, "J2_6", 2152.96, 173.34, "T", "SMD", "J2_6", "", "R", 39.37, 106.3, 0, 90],
		[36, "L1_1", 1412.64, 1040, "T", "SMD", "$CBOOT1_2", "", "R", 118.11, 130.71, 0, 180],
		[37, "L1_2", 1757.36, 1040, "T", "SMD", "+5V", "", "R", 118.11, 130.71, 0, 180],
		[38, "RCOMP1_1", 704.98, 420.32, "T", "SMD", "$CCOMP3_2", "", "R", 31.75, 34.02, 0, 90],
		[39, "RCOMP1_2", 704.98, 479.64, "T", "SMD", "$CCOMP2_2", "", "R", 31.75, 34.02, 0, 90],
		[40, "RFB1_1", 770.61, 184.98, "T", "SMD", "$CCOMP2_1", "", "R", 44.59, 54.21, 0, 0],
		[41, "RFB1_2", 849.35, 184.98, "T", "SMD", "GND", "GND", "R", 44.59, 54.21, 0, 0],
		[42, "RFB2_1", 909.35, 79.98, "T", "SMD", "+5V", "", "R", 44.59, 54.21, 0, 180],
		[43, "RFB2_2", 830.61, 79.98, "T", "SMD", "$CCOMP2_1", "", "R", 44.59, 54.21, 0, 180],
		[44, "RT1_1", 875.61, 299.98, "T", "SMD", "$RT1_1", "", "R", 44.59, 54.21, 0, 0],
		[45, "RT1_2", 954.35, 299.98, "T", "SMD", "GND", "GND", "R", 44.59, 54.21, 0, 0],
		[46, "U2_1", 931.28, 683.64, "T", "SMD", "$CBYP1_1", "", "O", 13.5, 68.76, 0, 270],
		[47, "U2_2", 931.28, 658.05, "T", "SMD", "U2_2", "", "O", 13.5, 68.76, 0, 270],
		[48, "U2_3", 931.28, 632.46, "T", "SMD", "VCC", "", "O", 13.5, 68.76, 0, 270],
		[49, "U2_4", 931.28, 606.87, "T", "SMD", "VCC", "", "O", 13.5, 68.76, 0, 270],
		[50, "U2_5", 931.28, 581.27, "T", "SMD", "U2_5", "", "O", 13.5, 68.76, 0, 270],
		[51, "U2_6", 931.28, 555.68, "T", "SMD", "$CCOMP2_2", "", "O", 13.5, 68.76, 0, 270],
		[52, "U2_7", 931.28, 530.09, "T", "SMD", "$CCOMP2_1", "", "O", 13.5, 68.76, 0, 270],
		[53, "U2_8", 931.28, 504.5, "T", "SMD", "$RT1_1", "", "O", 13.5, 68.76, 0, 270],
		[54, "U2_9", 931.28, 478.91, "T", "SMD", "$CRAMP1_1", "", "O", 13.5, 68.76, 0, 270],
		[55, "U2_10", 931.28, 453.32, "T", "SMD", "GND", "GND", "O", 13.5, 68.76, 0, 270],
		[56, "U2_11", 1157.52, 453.32, "T", "SMD", "$CSS1_2", "", "O", 13.5, 68.76, 0, 270],
		[57, "U2_12", 1157.52, 478.91, "T", "SMD", "+5V", "", "O", 13.5, 68.76, 0, 270],
		[58, "U2_13", 1157.52, 504.5, "T", "SMD", "GND", "GND", "O", 13.5, 68.76, 0, 270],
		[59, "U2_14", 1157.52, 530.09, "T", "SMD", "GND", "GND", "O", 13.5, 68.76, 0, 270],
		[60, "U2_15", 1157.52, 555.68, "T", "SMD", "$D1_2", "", "O", 13.5, 68.76, 0, 270],
		[61, "U2_16", 1157.52, 581.27, "T", "SMD", "$D1_2", "", "O", 13.5, 68.76, 0, 270],
		[62, "U2_17", 1157.52, 606.87, "T", "SMD", "$CBOOT1_2", "", "O", 13.5, 68.76, 0, 270],
		[63, "U2_18", 1157.52, 632.46, "T", "SMD", "$CBOOT1_2", "", "O", 13.5, 68.76, 0, 270],
		[64, "U2_19", 1157.52, 658.05, "T", "SMD", "$CBOOT1_2", "", "O", 13.5, 68.76, 0, 270],
		[65, "U2_20", 1157.52, 683.64, "T", "SMD", "$CBOOT1_1", "", "O", 13.5, 68.76, 0, 270],
		[66, "U2_21", 1044.4, 568.48, "T", "SMD", "GND", "GND", "R", 165.35, 118.11, 0, 270],
		[67, "VIN_1", 79.98, 608.7, "T", "SMD", "VCC", "", "R", 78.74, 78.74, 0, 0]
	]
}
}